Words,Emotion-1,Emotion-2,Emotion-3,Emotion-4,Emotion-5
ペット,悲しい,,,,
死んだ,悲しい,,,,
友人,信頼感,,,,
亡くなった,悲しい,,,,
ない,信頼感,,,,
何も,怒り,,,,
して,信頼感,,,,
おっさん,嫌悪感,,,,
嫌な,嫌悪感,,,,
顔,嫌悪感,,,,
さ,怒り,,,,
入学,不安,,,,
診断,不安,,,,
子ども,驚き,,,,
障害,不安,,,,
いう,驚き,,,,
の,楽しい,,,,
あり,信頼感,,,,
思う,不安,,,,
検査,不安,,,,
進ま,不安,,,,
こと,悲しい,,,,
義父,悲しい,,,,
事,怒り,,,,
一,不安,,,,
暮らし,不安,,,,
子供,驚き,,,,
風邪,悲しい,,,,
昔,信頼感,,,,
人,嫌悪感,,,,
食べる,楽しい,,,,
直前,不安,,,,
菓子,悲しい,,,,
落とした,悲しい,,,,
思った,不安,,,,
愛犬,悲しい,,,,
病気,不安,,,,
なった,悲しい,,,,
体重,驚き,,,,
太った,悲しい,,,,
知り合い,驚き,,,,
取引先,信頼感,,,,
方,信頼感,,,,
事故,悲しい,,,,
気に入り,悲しい,,,,
年,悲しい,,,,
旅行,楽しい,,,,
思って,驚き,,,,
家族,楽しい,,,,
合わ,嫌悪感,,,,
なり,不安,,,,
悲しい,悲しい,,,,
母親,悲しい,,,,
死,悲しい,,,,
し,怒り,,,,
忘れて,悲しい,信頼感,,,
キャンセル,悲しい,,,,
買った,悲しい,,,,
服,悲しい,楽しい,,,
行ったら,悲しい,,,,
商品,怒り,,,,
安く,悲しい,,,,
売り,悲しい,,,,
行った,楽しい,,,,
時,信頼感,,,,
まだ,悲しい,,,,
全然,怒り,,,,
地震,不安,,,,
洪水,驚き,,,,
給料,不安,,,,
減った,不安,,,,
父,悲しい,,,,
市,驚き,,,,
特に,驚き,,,,
なし,信頼感,,,,
事件,怒り,,,,
祖母,悲しい,,,,
ボーナス,驚き,,,,
少なかった,悲しい,,,,
大統領,嫌悪感,,,,
犬,悲しい,,,,
姿,楽しい,,,,
悲しかった,悲しい,,,,
同僚,信頼感,,,,
パチンコ,楽しい,,,,
負けた,悲しい,,,,
育児,不安,怒り,,,
ストレス,嫌悪感,楽しい,,,
私,信頼感,,,,
自身,怒り,嫌悪感,,,
都合,嫌悪感,,,,
良い,信頼感,,,,
下,楽しい,,,,
道,不安,,,,
扱い,怒り,,,,
続けて,驚き,,,,
付き合って,悲しい,,,,
女性,嫌悪感,,,,
家,不安,,,,
父親,悲しい,,,,
よう,怒り,,,,
別れ,悲しい,,,,
無し,嫌悪感,,,,
大事に,悲しい,,,,
使って,信頼感,驚き,,,
自分,嫌悪感,,,,
使い,悲しい,嫌悪感,,,
車,怒り,,,,
壊れた,悲しい,,,,
会社,不安,,,,
退職,不安,,,,
する,嫌悪感,,,,
馬鹿に,怒り,,,,
競馬,楽しい,,,,
兄弟,信頼感,,,,
連絡,信頼感,,,,
来た,驚き,,,,
玄関,驚き,,,,
具合,嫌悪感,,,,
隣,嫌悪感,,,,
旦那,信頼感,,,,
突然,驚き,,,,
勤めて,驚き,,,,
先輩,信頼感,,,,
死去,悲しい,,,,
歩いて,怒り,,,,
急に,驚き,,,,
雨,不安,,,,
出した,怒り,,,,
近所,怒り,,,,
亡くなって,悲しい,,,,
癌,悲しい,,,,
がん,悲しい,,,,
飼って,悲しい,,,,
口,嫌悪感,,,,
かかって,怒り,,,,
祖父,悲しい,,,,
親しい,悲しい,,,,
友,嫌悪感,,,,
二,楽しい,,,,
遠く,悲しい,信頼感,楽しい,,
ドラマ,楽しい,,,,
食べ,楽しい,,,,
増えた,悲しい,,,,
自転車,怒り,,,,
怪我,悲しい,,,,
した,驚き,,,,
娘,驚き,,,,
社員,嫌悪感,,,,
不正,怒り,,,,
聞いた,驚き,,,,
とき,楽しい,,,,
今年,驚き,,,,
もう,驚き,,,,
すぐ,信頼感,,,,
より,悲しい,信頼感,,,
でき,悲しい,,,,
あった,不安,,,,
身内,悲しい,,,,
不幸,悲しい,,,,
猫,悲しい,,,,
出て,驚き,,,,
行って,楽しい,,,,
親戚,悲しい,,,,
久しぶりに,楽しい,,,,
見て,楽しい,,,,
仕事,信頼感,,,,
信頼,信頼感,,,,
裏切ら,怒り,,,,
買い物,楽しい,,,,
他人,嫌悪感,,,,
謝ら,怒り,,,,
父さん,悲しい,,,,
学生,楽しい,,,,
時代,楽しい,,,,
いろいろ,信頼感,,,,
卒業,悲しい,,,,
飼い,悲しい,,,,
失恋,悲しい,,,,
母,悲しい,,,,
認知,悲しい,,,,
症,不安,,,,
なって,悲しい,,,,
わかった,驚き,,,,
早,驚き,,,,
クリスマス,楽しい,,,,
会,楽しい,,,,
ケーキ,楽しい,,,,
夫,信頼感,,,,
写真,楽しい,,,,
確認,信頼感,,,,
ばあちゃん,悲しい,,,,
思わ,驚き,,,,
見る,楽しい,,,,
いい,嫌悪感,,,,
作って,信頼感,,,,
知ら,驚き,,,,
いつの間にか,驚き,,,,
小学校,悲しい,,,,
年上,驚き,,,,
見える,驚き,,,,
気,信頼感,,,,
取り,怒り,,,,
いつも,信頼感,,,,
作った,悲しい,,,,
笑顔,楽しい,,,,
今度,嫌悪感,驚き,,,
アイス,悲しい,,,,
体,嫌悪感,,,,
できた,驚き,,,,
死んで,悲しい,,,,
毎年,不安,楽しい,,,
亡くなり,悲しい,,,,
出来,悲しい,,,,
頃,楽しい,,,,
世話,信頼感,,,,
あと,不安,,,,
取って,驚き,,,,
妻,信頼感,,,,
乳,悲しい,,,,
再発,悲しい,不安,,,
貯金,不安,,,,
ついた,嫌悪感,,,,
辛い,悲しい,,,,
思い,信頼感,,,,
上司,信頼感,,,,
パワハラ,怒り,,,,
受けた,怒り,,,,
主張,嫌悪感,,,,
職場,怒り,,,,
悲しく,悲しい,,,,
子,驚き,,,,
親,悲しい,,,,
大切に,悲しい,,,,
言わ,怒り,,,,
なくなった,悲しい,,,,
交通,怒り,,,,
住んで,驚き,,,,
おじさん,嫌悪感,,,,
以前,信頼感,,,,
泥棒,怒り,,,,
入ら,怒り,,,,
飼い犬,悲しい,,,,
好きな,楽しい,,,,
会え,悲しい,,,,
１,楽しい,,,,
傘,悲しい,,,,
離婚,悲しい,,,,
文句,怒り,,,,
原因,不安,怒り,,,
男,嫌悪感,,,,
捨て,嫌悪感,,,,
なかなか,不安,,,,
返事,怒り,,,,
来,不安,,,,
大好きな,楽しい,,,,
上手く,不安,,,,
いか,不安,,,,
馬券,驚き,,,,
つけ,怒り,,,,
入って,嫌悪感,,,,
保険,怒り,,,,
保護,嫌悪感,,,,
虐待,怒り,,,,
ニュース,怒り,,,,
漫画,楽しい,,,,
読んで,楽しい,,,,
両親,信頼感,,,,
感じた,信頼感,,,,
落選,悲しい,怒り,,,
寒,不安,驚き,,,
増した,信頼感,,,,
資格,不安,,,,
落ちた,悲しい,,,,
少ない,不安,,,,
ギャンブル,怒り,,,,
したら,信頼感,,,,
クレジット,怒り,,,,
カード,怒り,,,,
友達,信頼感,,,,
虫歯,悲しい,,,,
見つかった,不安,,,,
楽しかった,楽しい,,,,
ゲーム,楽しい,,,,
終了,悲しい,,,,
知った,驚き,,,,
金,不安,,,,
為,嫌悪感,,,,
海外,楽しい,,,,
買って,信頼感,,,,
様子,嫌悪感,,,,
丸,悲しい,,,,
雪,驚き,,,,
老後,不安,,,,
考え,嫌悪感,,,,
欲しかった,悲しい,,,,
もの,楽しい,,,,
やっと,楽しい,,,,
思ったら,驚き,,,,
切れて,悲しい,,,,
結果,不安,,,,
分かった,悲しい,,,,
朝,驚き,,,,
他界,悲しい,,,,
暴言,怒り,,,,
前,嫌悪感,,,,
赴任,悲しい,,,,
先,不安,,,,
会った,驚き,,,,
届いた,信頼感,,,,
とても,信頼感,,,,
勤務,不安,,,,
リストラ,不安,,,,
物,嫌悪感,驚き,楽しい,,
野良,悲しい,怒り,,,
ネコ,悲しい,,,,
サッカー,驚き,,,,
チーム,信頼感,,,,
監督,驚き,,,,
手,嫌悪感,,,,
どんどん,不安,,,,
結婚,驚き,,,,
同じ,信頼感,,,,
失敗,悲しい,,,,
来年,不安,,,,
実家,悲しい,,,,
皆,楽しい,,,,
うまく,不安,,,,
体調,不安,,,,
悪い,嫌悪感,,,,
誰,信頼感,,,,
助けて,信頼感,,,,
携帯,悲しい,怒り,驚き,,
足,嫌悪感,,,,
あおり,怒り,,,,
運転,怒り,,,,
裁判,怒り,,,,
彼女,悲しい,楽しい,,,
気持ち,嫌悪感,,,,
知人,悲しい,驚き,,,
ケガ,悲しい,,,,
入院,悲しい,不安,,,
下がった,悲しい,不安,,,
夫婦,信頼感,,,,
喧嘩,怒り,,,,
義,嫌悪感,,,,
アーティスト,楽しい,,,,
ライブ,楽しい,,,,
チケット,悲しい,,,,
取れ,怒り,,,,
バイト,悲しい,楽しい,,,
面接,不安,,,,
脳,悲しい,,,,
梗塞,悲しい,不安,,,
クルマ,怒り,,,,
介護,不安,,,,
本,楽しい,,,,
息子,驚き,,,,
ママ,嫌悪感,,,,
大切な,悲しい,,,,
進んで,楽しい,,,,
妹,驚き,,,,
赤ちゃん,不安,,,,
産まれた,驚き,,,,
欲しい,怒り,,,,
頼んで,信頼感,,,,
名前,驚き,,,,
存在,信頼感,,,,
なる,不安,,,,
間,嫌悪感,信頼感,,,
また,不安,,,,
兄,悲しい,,,,
時間,楽しい,,,,
先生,信頼感,,,,
ひどい,怒り,,,,
やめ,不安,,,,
いけない,不安,怒り,,,
い,信頼感,,,,
可愛がって,悲しい,,,,
客,怒り,,,,
壊れて,驚き,,,,
買い,怒り,驚き,,,
データ,悲しい,,,,
部,不安,,,,
金銭,不安,,,,
多く,悲しい,,,,
用事,怒り,,,,
頼ま,信頼感,,,,
薬,不安,怒り,信頼感,,
頼んだ,信頼感,,,,
育てて,悲しい,,,,
誕生日,驚き,,,,
選手,驚き,,,,
巨人,嫌悪感,,,,
予定,不安,,,,
終わら,不安,,,,
引退,驚き,,,,
派遣,嫌悪感,,,,
無職,不安,,,,
わから,不安,,,,
ゴルフ,楽しい,,,,
クラブ,信頼感,楽しい,,,
忘れた,不安,,,,
予約,悲しい,楽しい,,,
日,楽しい,,,,
ショッピング,楽しい,,,,
駐車,怒り,,,,
場,嫌悪感,,,,
ドア,怒り,,,,
ゴミ,嫌悪感,,,,
そのまま,悲しい,,,,
放置,嫌悪感,,,,
ところ,驚き,,,,
目撃,嫌悪感,,,,
部署,不安,信頼感,,,
異動,驚き,,,,
隣人,嫌悪感,,,,
コンビニ,怒り,,,,
円,悲しい,,,,
レジ,怒り,,,,
力,信頼感,,,,
高校,不安,,,,
同級生,驚き,,,,
大学,不安,,,,
荷物,怒り,,,,
もらった,驚き,,,,
電話,信頼感,,,,
出,悲しい,,,,
死別,悲しい,,,,
人生,不安,,,,
終わり,不安,,,,
考えた,不安,,,,
最近,驚き,,,,
行動,信頼感,,,,
実は,驚き,,,,
身近な,悲しい,,,,
愛,悲しい,,,,
点,驚き,,,,
小学生,驚き,,,,
久しぶりの,楽しい,,,,
会う,信頼感,楽しい,,,
約束,信頼感,,,,
出来た,驚き,,,,
前日,不安,,,,
なく,悲しい,怒り,,,
会話,楽しい,,,,
当日,悲しい,不安,驚き,,
こども,楽しい,,,,
よい,信頼感,,,,
わかり,嫌悪感,,,,
少なく,不安,,,,
喜んで,楽しい,,,,
オークション,悲しい,怒り,,,
落札,悲しい,楽しい,,,
回,悲しい,,,,
やった,楽しい,,,,
品,信頼感,,,,
ある,信頼感,,,,
使わ,嫌悪感,驚き,,,
一番,楽しい,,,,
おばさん,怒り,,,,
歯,不安,,,,
大きく,驚き,,,,
幼稚園,不安,,,,
トラブル,怒り,,,,
会い,悲しい,,,,
帰って,不安,,,,
倒産,不安,,,,
大好きだった,悲しい,,,,
動画,楽しい,,,,
観た,楽しい,,,,
いじめ,嫌悪感,,,,
散歩,楽しい,,,,
よく,嫌悪感,,,,
会って,楽しい,,,,
せい,怒り,,,,
かかる,不安,,,,
今,不安,,,,
浮気,怒り,,,,
交換,信頼感,,,,
外,驚き,,,,
言う,怒り,,,,
きか,怒り,,,,
不良,不安,,,,
手術,不安,,,,
忘れ,怒り,,,,
あって,信頼感,,,,
取ら,怒り,,,,
釣り,楽しい,,,,
楽しみに,楽しい,,,,
とって,信頼感,,,,
食べ物,嫌悪感,楽しい,,,
叔母,悲しい,,,,
転勤,悲しい,,,,
考えて,信頼感,,,,
人物,嫌悪感,,,,
話し,嫌悪感,,,,
やり,不安,,,,
やら,怒り,,,,
嘘,嫌悪感,,,,
受験,不安,,,,
クラス,怒り,,,,
いって,信頼感,,,,
話,信頼感,,,,
感じる,嫌悪感,,,,
感,信頼感,,,,
洋服,悲しい,驚き,楽しい,,
酒,楽しい,,,,
怒ら,怒り,,,,
裏,嫌悪感,,,,
言って,嫌悪感,,,,
財布,悲しい,,,,
いく,不安,,,,
忘年,楽しい,,,,
行け,悲しい,,,,
死亡,悲しい,,,,
故障,悲しい,,,,
自殺,悲しい,,,,
スマホ,怒り,,,,
床,悲しい,,,,
落として,悲しい,,,,
傷,悲しい,,,,
つけて,嫌悪感,,,,
風,嫌悪感,,,,
立ち,怒り,,,,
なぜ,怒り,,,,
感じ,信頼感,,,,
理解,悲しい,,,,
出来事,驚き,,,,
物事,嫌悪感,,,,
やる,怒り,,,,
冬,不安,,,,
笑って,楽しい,,,,
週間,不安,,,,
なくした,悲しい,,,,
仲,悲しい,,,,
辞めた,不安,,,,
シリア,悲しい,,,,
急死,悲しい,,,,
給与,不安,,,,
亡くなら,悲しい,,,,
親父,悲しい,,,,
すごく,驚き,,,,
骨折,不安,,,,
信号,怒り,,,,
無視,怒り,,,,
寝,悲しい,不安,信頼感,,
初めて,楽しい,,,,
購入,楽しい,,,,
試験,不安,,,,
合格,驚き,,,,
小さい,楽しい,,,,
虫,嫌悪感,,,,
医者,信頼感,,,,
少し,怒り,,,,
身体,不安,,,,
調子,不安,,,,
ついて,不安,,,,
楽しい,楽しい,,,,
観,楽しい,,,,
叔父,悲しい,,,,
しばらく,楽しい,,,,
関わら,怒り,,,,
台風,不安,,,,
被害,悲しい,驚き,,,
姪,楽しい,,,,
一緒に,楽しい,,,,
行く,楽しい,,,,
外出,楽しい,,,,
利益,悲しい,嫌悪感,,,
応援,楽しい,,,,
大会,驚き,,,,
ガン,悲しい,,,,
新しい,不安,,,,
１０,悲しい,,,,
ずっと,信頼感,,,,
お腹,不安,,,,
痛い,不安,,,,
日本,驚き,,,,
語,嫌悪感,,,,
おかしい,嫌悪感,,,,
食事,楽しい,,,,
注文,怒り,,,,
員,怒り,,,,
ほぼ,信頼感,,,,
問題,怒り,,,,
対して,信頼感,,,,
際,信頼感,,,,
国,怒り,楽しい,,,
評価,怒り,,,,
教育,不安,,,,
ローン,不安,,,,
落ち,信頼感,,,,
見,楽しい,,,,
動物,楽しい,,,,
病院,信頼感,,,,
病,不安,,,,
余命,悲しい,,,,
高齢,不安,,,,
亡くした,悲しい,,,,
分,驚き,,,,
かけて,信頼感,,,,
店,信頼感,,,,
切れ,悲しい,,,,
しれ,不安,,,,
安い,驚き,,,,
に,嫌悪感,,,,
洗濯,驚き,,,,
機,驚き,,,,
株,悲しい,,,,
肉親,悲しい,,,,
外国,嫌悪感,,,,
山,驚き,,,,
火事,驚き,,,,
映像,楽しい,,,,
巻き,怒り,,,,
込ま,怒り,,,,
テレビ,楽しい,,,,
飲み,楽しい,,,,
大雨,驚き,,,,
自然,不安,,,,
災害,不安,,,,
たくさんの,悲しい,,,,
能力,驚き,,,,
相続,嫌悪感,,,,
部長,怒り,,,,
プレゼント,驚き,,,,
抽選,驚き,,,,
外れた,悲しい,,,,
月,驚き,,,,
死ぬ,悲しい,,,,
彼,信頼感,,,,
パートナー,信頼感,,,,
何度,怒り,,,,
関係,信頼感,,,,
働いて,不安,,,,
足り,不安,,,,
遊び,楽しい,,,,
年寄り,怒り,,,,
なくなって,悲しい,,,,
営業,不安,嫌悪感,信頼感,驚き,楽しい
所,嫌悪感,,,,
社,嫌悪感,,,,
ネット,楽しい,,,,
気分,楽しい,,,,
株価,不安,,,,
とくに,信頼感,,,,
全て,怒り,,,,
配偶,信頼感,,,,
決まった,驚き,楽しい,,,
観て,楽しい,,,,
いて,信頼感,,,,
見つけた,楽しい,,,,
差,驚き,,,,
辞めて,悲しい,,,,
振ら,悲しい,,,,
部下,信頼感,,,,
使う,怒り,,,,
料理,楽しい,,,,
なら,不安,,,,
ミス,怒り,,,,
続ける,不安,,,,
人間,嫌悪感,,,,
連れて,信頼感,驚き,楽しい,,
なかった,怒り,,,,
中,嫌悪感,,,,
親族,悲しい,,,,
自宅,悲しい,,,,
長年,信頼感,,,,
支払い,不安,,,,
番組,楽しい,,,,
理不尽に,怒り,,,,
決め,怒り,,,,
引っ越し,悲しい,,,,
貴,驚き,,,,
心,信頼感,,,,
目の前,驚き,,,,
遅い,怒り,,,,
反抗,怒り,,,,
態度,嫌悪感,,,,
芸能,驚き,,,,
夢,不安,,,,
みた,嫌悪感,,,,
目,悲しい,怒り,,,
バイク,楽しい,,,,
睡眠,楽しい,,,,
ホテル,驚き,,,,
水,楽しい,,,,
流産,悲しい,,,,
高く,不安,,,,
違う,驚き,,,,
治療,不安,,,,
テスト,不安,,,,
パソコン,怒り,,,,
見た,嫌悪感,,,,
みて,楽しい,,,,
メンバー,信頼感,,,,
仲間,信頼感,,,,
犯人,怒り,,,,
逮捕,驚き,,,,
とった,驚き,,,,
感情,嫌悪感,,,,
たくさん,楽しい,,,,
親友,信頼感,,,,
優しい,信頼感,,,,
ヤフー,悲しい,嫌悪感,信頼感,驚き,
クラウドソーシング,悲しい,,,,
ポイント,楽しい,,,,
転職,不安,,,,
活動,不安,,,,
受かった,驚き,,,,
就職,不安,,,,
休み,楽しい,,,,
死に,悲しい,,,,
頑張って,信頼感,,,,
生きて,不安,,,,
別れた,悲しい,,,,
宝くじ,驚き,,,,
当選,驚き,,,,
連続,驚き,,,,
卵,悲しい,,,,
全部,怒り,信頼感,,,
高い,怒り,,,,
な,怒り,,,,
全く,怒り,,,,
野球,楽しい,,,,
嫌,嫌悪感,,,,
声,嫌悪感,,,,
彼氏,悲しい,,,,
疾患,不安,,,,
単身,悲しい,不安,,,
成長,驚き,,,,
意見,怒り,,,,
もっと,悲しい,怒り,,,
た,怒り,,,,
いた,嫌悪感,,,,
通勤,怒り,,,,
途中,怒り,,,,
ファン,悲しい,,,,
バンド,楽しい,,,,
上がら,不安,,,,
毎日,楽しい,,,,
残業,怒り,,,,
不倫,嫌悪感,,,,
何,信頼感,,,,
きた,信頼感,,,,
あげ,悲しい,,,,
信じて,信頼感,,,,
過ごして,楽しい,,,,
大丈夫,信頼感,,,,
暮らして,悲しい,,,,
新人,怒り,嫌悪感,信頼感,,
内容,怒り,,,,
相手,嫌悪感,,,,
久々に,楽しい,,,,
東京,楽しい,,,,
おじい,悲しい,,,,
悪かった,怒り,,,,
転んで,悲しい,,,,
主人,信頼感,,,,
いる,嫌悪感,,,,
肌,怒り,嫌悪感,,,
せ,嫌悪感,,,,
親子,信頼感,,,,
アパート,怒り,,,,
思い浮かば,信頼感,,,,
感謝,信頼感,,,,
恋人,悲しい,,,,
裏切り,怒り,,,,
良く,不安,,,,
ひいた,悲しい,,,,
来る,不安,,,,
パン,楽しい,,,,
風呂,嫌悪感,,,,
フィギュア,驚き,,,,
若い,嫌悪感,,,,
殺人,怒り,嫌悪感,驚き,,
母さん,悲しい,,,,
取る,怒り,,,,
電車,嫌悪感,,,,
続き,不安,,,,
多い,怒り,,,,
暴力,怒り,,,,
やって,不安,,,,
話して,信頼感,,,,
怒り,怒り,,,,
義母,嫌悪感,,,,
ウソ,怒り,嫌悪感,,,
列,怒り,,,,
並んで,怒り,嫌悪感,,,
立場,嫌悪感,,,,
住む,驚き,,,,
同居,怒り,,,,
ご飯,楽しい,,,,
遊んで,楽しい,,,,
アイドル,悲しい,驚き,楽しい,,
て,嫌悪感,,,,
感じて,信頼感,,,,
聞か,怒り,,,,
予想,驚き,,,,
胃,不安,,,,
髪,悲しい,驚き,,,
音,嫌悪感,,,,
びっくり,驚き,,,,
行き,楽しい,,,,
かかった,悲しい,驚き,,,
ため,嫌悪感,,,,
成績,驚き,,,,
姉,信頼感,,,,
壁,嫌悪感,,,,
優先,怒り,,,,
席,嫌悪感,,,,
連日,驚き,,,,
たび,不安,,,,
式,楽しい,,,,
公園,楽しい,,,,
トイレ,嫌悪感,,,,
日々,楽しい,,,,
個人,嫌悪感,,,,
辞める,怒り,,,,
働き,不安,,,,
通って,信頼感,驚き,,,
担当,信頼感,,,,
部活,信頼感,,,,
練習,楽しい,,,,
いわ,嫌悪感,,,,
孫,楽しい,,,,
デート,楽しい,,,,
す,悲しい,,,,
ぶつけ,怒り,,,,
局,嫌悪感,,,,
上,怒り,,,,
中学,驚き,,,,
生,驚き,楽しい,,,
運動,楽しい,,,,
採用,不安,,,,
買う,悲しい,驚き,,,
社会,不安,,,,
祖父母,悲しい,,,,
帰宅,悲しい,不安,怒り,,
一言,怒り,,,,
出来て,楽しい,,,,
志望,悲しい,不安,,,
学校,不安,,,,
期,悲しい,,,,
詐欺,怒り,,,,
春,楽しい,,,,
阪神,不安,,,,
震災,不安,,,,
泣いて,悲しい,,,,
職員,怒り,,,,
鬱,不安,,,,
よって,怒り,,,,
突然の,驚き,,,,
友だち,悲しい,楽しい,,,
年齢,驚き,,,,
数,驚き,,,,
半年,驚き,,,,
良かった,驚き,,,,
後輩,信頼感,,,,
ひどく,不安,,,,
年間,悲しい,,,,
海,楽しい,,,,
得,嫌悪感,,,,
解散,驚き,,,,
倒れた,悲しい,,,,
あまり,驚き,,,,
試合,楽しい,,,,
２,驚き,,,,
精神,不安,信頼感,,,
現在,不安,,,,
無い,不安,,,,
ころ,楽しい,,,,
勉強,不安,,,,
行か,悲しい,不安,怒り,,
つかれた,怒り,,,,
大事な,信頼感,,,,
同期,信頼感,,,,
入社,不安,,,,
作業,信頼感,,,,
昼,楽しい,,,,
大人,嫌悪感,驚き,,,
簡単に,怒り,驚き,,,
幼い,悲しい,不安,怒り,信頼感,驚き
努力,信頼感,,,,
頭,嫌悪感,,,,
先日,驚き,,,,
周囲,嫌悪感,,,,
環境,不安,,,,
登校,不安,,,,
時期,悲しい,不安,,,
ほとんど,驚き,,,,
希望,悲しい,不安,楽しい,,
最も,悲しい,嫌悪感,,,
その後,悲しい,不安,嫌悪感,,
企業,怒り,,,,
普通に,楽しい,,,,
経済,不安,,,,
状況,不安,,,,
進学,不安,,,,
公務,怒り,驚き,,,
大変,悲しい,不安,信頼感,驚き,楽しい
担任,信頼感,,,,
急逝,悲しい,,,,
身,怒り,信頼感,,,
就活,不安,,,,
地域,不安,驚き,,,
思い出,楽しい,,,,
優しく,信頼感,,,,
貰った,驚き,,,,
経験,驚き,,,,
アニメ,楽しい,,,,
最終,悲しい,,,,
出産,驚き,,,,
嫁,怒り,,,,
過ごした,楽しい,,,,
減って,不安,,,,
一生懸命,信頼感,,,,
失業,不安,,,,
仲良く,嫌悪感,,,,
言動,怒り,,,,
人々,怒り,,,,
男性,嫌悪感,,,,
過去,嫌悪感,,,,
いつでも,信頼感,,,,
よる,不安,,,,
耳,嫌悪感,,,,
留学,驚き,楽しい,,,
飛行機,驚き,,,,
生活,不安,,,,
面倒,信頼感,,,,
現場,怒り,嫌悪感,,,
遭遇,驚き,,,,
進路,不安,,,,
指導,信頼感,,,,
音楽,楽しい,,,,
役員,悲しい,不安,信頼感,,
女,嫌悪感,,,,
したり,楽しい,,,,
昨年,悲しい,,,,
生まれて,不安,,,,
奥さん,信頼感,,,,
健康で,不安,,,,
考える,不安,,,,
女子,楽しい,,,,
校,不安,驚き,,,
パート,不安,,,,
探して,信頼感,楽しい,,,
去年,楽しい,,,,
サプライズ,驚き,,,,
苦しい,不安,,,,
中学生,驚き,,,,
ケンカ,怒り,,,,
内定,怒り,,,,
長い,信頼感,,,,
続いた,不安,,,,
認め,悲しい,,,,
イジメ,怒り,,,,
恋愛,楽しい,,,,
はじめて,不安,驚き,,,
出して,悲しい,驚き,,,
健康,不安,,,,
差別,嫌悪感,,,,
お前,怒り,,,,
責め,悲しい,怒り,,,
夜中,怒り,,,,
乗り,不安,,,,
共に,信頼感,楽しい,,,
最後,信頼感,,,,
本当に,驚き,楽しい,,,
嫌がらせ,嫌悪感,,,,
思い出さ,信頼感,,,,
あなた,信頼感,,,,
おける,信頼感,,,,
印象,驚き,,,,
入試,不安,,,,
やはり,信頼感,,,,
手伝い,信頼感,,,,
噂,嫌悪感,,,,
後,不安,楽しい,,,
情報,驚き,,,,
戦争,不安,,,,
独身,不安,,,,
婚約,怒り,嫌悪感,信頼感,驚き,楽しい
解雇,不安,怒り,,,
逃げ,怒り,,,,
生まれた,楽しい,,,,
けんか,怒り,,,,
世の中,怒り,,,,
常識,驚き,,,,
知って,驚き,,,,
遅く,怒り,,,,
妊娠,驚き,,,,
周り,嫌悪感,,,,
送って,怒り,,,,
機会,楽しい,,,,
長く,悲しい,,,,
離れて,信頼感,,,,
頼れる,信頼感,,,,
みんな,楽しい,,,,
グループ,悲しい,,,,
ライン,嫌悪感,楽しい,,,
意味,怒り,,,,
告白,驚き,,,,
期待,信頼感,,,,
持つ,信頼感,楽しい,,,
ともに,信頼感,,,,
発言,嫌悪感,,,,
借金,不安,,,,
受け,不安,,,,
大阪,驚き,,,,
発覚,怒り,,,,
東,不安,,,,
家庭,楽しい,,,,
必要,怒り,,,,
奴,怒り,嫌悪感,,,
貸して,信頼感,,,,
３,楽しい,,,,
しよう,不安,,,,
入り,嫌悪感,,,,
かなり,驚き,,,,
学年,驚き,,,,
可愛い,楽しい,,,,
悪く,不安,,,,
色々な,楽しい,,,,
持って,信頼感,,,,
些細な,怒り,,,,
横,嫌悪感,,,,
ものすごく,怒り,嫌悪感,,,
ポイ,嫌悪感,,,,
魚,楽しい,,,,
判断,信頼感,,,,
変わって,驚き,,,,
地元,驚き,,,,
悪,嫌悪感,,,,
で,怒り,,,,
来て,信頼感,,,,
今日,驚き,楽しい,,,
水道,怒り,,,,
弟,驚き,,,,
言葉,信頼感,,,,
別の,驚き,,,,
難しい,信頼感,,,,
不安,不安,,,,
将来,不安,,,,
すべて,信頼感,,,,
食べて,楽しい,,,,
できて,信頼感,,,,
俳優,驚き,,,,
大杉,悲しい,,,,
必要な,信頼感,,,,
投げ,嫌悪感,,,,
サービス,悲しい,信頼感,,,
訳,悲しい,,,,
自分勝手な,怒り,,,,
官僚,怒り,,,,
セクハラ,嫌悪感,,,,
期限,不安,,,,
メール,信頼感,,,,
旅,楽しい,,,,
覚えて,驚き,,,,
伝わら,悲しい,,,,
甥,楽しい,,,,
込み,怒り,,,,
込んで,信頼感,,,,
場所,嫌悪感,,,,
命,悲しい,,,,
今後,不安,,,,
分から,不安,,,,
政治,怒り,,,,
保育,悲しい,信頼感,,,
園,楽しい,,,,
迎え,信頼感,,,,
批判,嫌悪感,,,,
道端,嫌悪感,,,,
家事,信頼感,,,,
中国,怒り,,,,
スタッフ,信頼感,,,,
なくて,不安,,,,
クレーム,怒り,,,,
守って,信頼感,,,,
昨日,驚き,,,,
満員,嫌悪感,,,,
ショップ,驚き,,,,
増えて,驚き,楽しい,,,
日常,楽しい,,,,
痛み,不安,,,,
桜,楽しい,,,,
説明,信頼感,,,,
ちゃんと,不安,,,,
見つから,不安,,,,
出会い,驚き,,,,
ダイエット,嫌悪感,驚き,,,
弁当,怒り,,,,
勝手に,怒り,,,,
スピード,怒り,,,,
くじ,驚き,,,,
入れ,怒り,,,,
出世,驚き,,,,
持た,怒り,嫌悪感,,,
人事,驚き,,,,
万,驚き,,,,
入った,怒り,,,,
出品,驚き,楽しい,,,
受けて,嫌悪感,,,,
決まら,不安,,,,
かけ,不安,信頼感,,,
言い,嫌悪感,,,,
夜,不安,,,,
無かった,怒り,驚き,,,
落ちて,不安,,,,
授業,怒り,,,,
契約,信頼感,,,,
忙しい,怒り,,,,
義理,怒り,,,,
隊,信頼感,,,,
指摘,怒り,,,,
いつまでも,怒り,嫌悪感,,,
注意,怒り,,,,
逆,怒り,,,,
甲斐,怒り,,,,
長男,不安,,,,
花粉,不安,,,,
決まって,不安,,,,
大変な,信頼感,,,,
暮らす,悲しい,,,,
終わった,悲しい,,,,
高,驚き,,,,
花見,楽しい,,,,
情勢,不安,,,,
雰囲気,嫌悪感,,,,
小,怒り,,,,
状態,不安,,,,
相談,信頼感,,,,
映画,楽しい,,,,
想像,驚き,,,,
高かった,驚き,,,,
原発,不安,驚き,,,
次男,驚き,,,,
乗って,信頼感,,,,
怒る,怒り,,,,
屋,信頼感,,,,
翌日,驚き,,,,
貸した,怒り,,,,
起きた,驚き,,,,
器,驚き,,,,
発見,驚き,,,,
スーパー,嫌悪感,,,,
挨拶,嫌悪感,,,,
ランチ,楽しい,,,,
収入,不安,,,,
わがまま,怒り,,,,
法,不安,信頼感,,,
違反,怒り,嫌悪感,,,
言った,怒り,,,,
変わった,不安,,,,
続いて,不安,,,,
結構,驚き,,,,
近い,不安,,,,
値段,驚き,,,,
売って,嫌悪感,驚き,,,
聴いて,楽しい,,,,
曲,楽しい,,,,
歌,悲しい,楽しい,,,
うち,怒り,,,,
放棄,怒り,,,,
非常に,怒り,驚き,,,
週,楽しい,,,,
早く,怒り,,,,
毛,嫌悪感,驚き,,,
出さ,怒り,,,,
紹介,信頼感,,,,
指示,怒り,,,,
事実,驚き,,,,
大谷,驚き,,,,
イベント,楽しい,,,,
バス,嫌悪感,,,,
体力,不安,,,,
低下,不安,,,,
盗ま,怒り,,,,
ちょっと,嫌悪感,驚き,,,
すごい,驚き,,,,
自動車,怒り,,,,
作品,楽しい,,,,
くらい,怒り,,,,
登山,楽しい,,,,
楽しく,楽しい,,,,
やりとり,嫌悪感,信頼感,,,
絶対,信頼感,,,,
復帰,不安,,,,
できる,信頼感,,,,
理不尽な,怒り,,,,
業績,不安,,,,
合って,信頼感,,,,
６,驚き,,,,
幼児,怒り,,,,
知事,嫌悪感,,,,
利用,嫌悪感,,,,
プロ,楽しい,,,,
行為,嫌悪感,,,,
店長,怒り,,,,
目線,嫌悪感,,,,
書類,不安,怒り,,,
手紙,信頼感,,,,
書いた,驚き,,,,
提出,不安,,,,
凄く,驚き,,,,
寝て,驚き,,,,
願い,信頼感,,,,
聞いて,信頼感,,,,
このまま,不安,,,,
報告,信頼感,驚き,,,
気づいた,怒り,嫌悪感,信頼感,驚き,
多,驚き,,,,
参加,楽しい,,,,
よかった,信頼感,,,,
取引,信頼感,,,,
近く,嫌悪感,,,,
街,驚き,,,,
替え,不安,,,,
定年,不安,,,,
うつ病,不安,,,,
守ら,怒り,,,,
ぶつかって,怒り,,,,
過ごす,楽しい,,,,
駅,不安,,,,
わかって,信頼感,,,,
花,驚き,,,,
度,驚き,,,,
わたし,怒り,嫌悪感,信頼感,,
警察,怒り,信頼感,,,
負け,悲しい,,,,
部屋,嫌悪感,,,,
掃除,驚き,,,,
いきなり,驚き,,,,
うるさい,怒り,,,,
走る,怒り,,,,
更新,悲しい,,,,
対する,信頼感,,,,
沢山,楽しい,,,,
報道,嫌悪感,,,,
汚い,嫌悪感,,,,
年度,不安,,,,
見え,不安,,,,
西,悲しい,,,,
豪雨,悲しい,,,,
普段,嫌悪感,,,,
心配,不安,,,,
スケート,驚き,,,,
代表,驚き,,,,
水害,悲しい,,,,
被災,怒り,,,,
年金,不安,,,,
４,驚き,,,,
生理,嫌悪感,,,,
価格,怒り,驚き,,,
発生,不安,,,,
修理,怒り,,,,
猛暑,驚き,,,,
戦,楽しい,,,,
成功,信頼感,驚き,,,
ごみ,嫌悪感,,,,
持病,不安,,,,
悪化,不安,,,,
クビ,不安,,,,
責任,嫌悪感,,,,
怒った,怒り,,,,
合い,信頼感,,,,
動,信頼感,,,,
エアコン,怒り,,,,
大声,嫌悪感,,,,
ワールドカップ,驚き,,,,
暑,驚き,,,,
付き合い,信頼感,,,,
臭い,嫌悪感,,,,
暑い,嫌悪感,,,,
館,楽しい,,,,
出し,怒り,,,,
夏,楽しい,,,,
遅刻,怒り,,,,
投資,不安,楽しい,,,
対応,信頼感,,,,
帰り,楽しい,,,,
まま,不安,,,,
始めた,驚き,,,,
顧客,信頼感,,,,
尊敬,信頼感,,,,
多くて,不安,,,,
迷惑,怒り,,,,
かけた,不安,,,,
強い,嫌悪感,信頼感,,,
悩み,信頼感,,,,
覚える,怒り,,,,
体験,楽しい,,,,
ひと,信頼感,,,,
インターネット,怒り,驚き,楽しい,,
通販,信頼感,,,,
騙さ,怒り,,,,
変な,嫌悪感,,,,
イライラ,怒り,,,,
思い出す,嫌悪感,,,,
なにも,信頼感,,,,
家内,信頼感,,,,
色,驚き,,,,
お出かけ,楽しい,,,,
準備,楽しい,,,,
降って,驚き,,,,
困って,信頼感,,,,
嫌味,嫌悪感,,,,
新しく,楽しい,,,,
プロジェクト,信頼感,,,,
仕事場,怒り,,,,
地方,怒り,驚き,楽しい,,
地,信頼感,,,,
国会,怒り,,,,
職,不安,,,,
額,不安,,,,
思い通りに,怒り,,,,
何でも,信頼感,,,,
対し,嫌悪感,,,,
熱中,不安,,,,
誘わ,嫌悪感,信頼感,,,
瞬間,嫌悪感,楽しい,,,
遊ぶ,楽しい,,,,
起こった,驚き,,,,
出た,驚き,,,,
英語,驚き,,,,
かかわら,怒り,,,,
疑い,怒り,,,,
無理,怒り,,,,
医師,信頼感,,,,
理由,怒り,,,,
庭,楽しい,,,,
記憶,怒り,,,,
子育て,不安,,,,
実感,信頼感,,,,
のって,信頼感,,,,
社長,信頼感,,,,
改めて,信頼感,,,,
待ち合わせ,信頼感,,,,
毎回,嫌悪感,,,,
起きたら,驚き,,,,
不安に,不安,,,,
天気,不安,,,,
予報,信頼感,,,,
楽しみ,楽しい,,,,
不安である,不安,,,,
消費,怒り,,,,
税,怒り,,,,
不安だった,不安,,,,
変化,驚き,,,,
出来る,信頼感,,,,
会議,怒り,,,,
常に,信頼感,,,,
漠然と,不安,,,,
不安です,不安,,,,
先行き,不安,,,,
不安で,不安,,,,
出る,不安,,,,
不安だ,不安,,,,
いつ,不安,,,,
いつまで,不安,,,,
続く,不安,,,,
若者,嫌悪感,,,,
振り,怒り,,,,
業務,怒り,,,,
発表,不安,,,,
大雪,驚き,,,,
当て,怒り,,,,
この先,不安,,,,
悩んで,信頼感,,,,
不安な,不安,,,,
住宅,不安,,,,
返済,不安,,,,
飲む,楽しい,,,,
おいて,信頼感,,,,
不足,不安,怒り,,,
不安でした,不安,,,,
怖い,不安,,,,
コミュニケーション,信頼感,,,,
退院,不安,,,,
覚え,怒り,,,,
税金,怒り,,,,
くる,怒り,,,,
銀行,怒り,信頼感,,,
残高,不安,,,,
続け,不安,,,,
システム,不安,,,,
色々,信頼感,,,,
つか,怒り,嫌悪感,信頼感,,
鍵,不安,,,,
出かけて,楽しい,,,,
アメリカ,信頼感,,,,
支給,不安,,,,
思い出せ,信頼感,,,,
変更,不安,怒り,,,
場面,信頼感,,,,
世界,不安,,,,
しっかり,信頼感,,,,
自信,不安,,,,
マンション,不安,,,,
たまたま,驚き,,,,
未来,不安,,,,
高速,怒り,,,,
道路,怒り,,,,
住民,嫌悪感,,,,
室,怒り,嫌悪感,信頼感,,
終わる,不安,,,,
事業,怒り,,,,
様,不安,嫌悪感,楽しい,,
褒め,信頼感,,,,
案件,信頼感,,,,
待ち,怒り,,,,
面,不安,,,,
起こる,不安,,,,
任さ,信頼感,,,,
きちんと,信頼感,,,,
アルバイト,信頼感,,,,
たばこ,嫌悪感,,,,
走って,怒り,,,,
運転手,怒り,,,,
いくら,怒り,,,,
天候,不安,,,,
異常,不安,,,,
気象,不安,,,,
店員,嫌悪感,,,,
立てて,楽しい,,,,
出勤,不安,,,,
ほしい,怒り,信頼感,,,
明日,不安,,,,
無事に,不安,,,,
立って,嫌悪感,,,,
間違い,信頼感,,,,
出かける,楽しい,,,,
飲んで,楽しい,,,,
量,不安,,,,
合う,信頼感,楽しい,,,
乗った,嫌悪感,信頼感,,,
可能,不安,,,,
話す,嫌悪感,,,,
経営,怒り,,,,
煽り,怒り,,,,
安定,不安,,,,
陰口,嫌悪感,,,,
無事,不安,,,,
期間,不安,,,,
品質,信頼感,,,,
持ち,不安,,,,
嫌いな,嫌悪感,,,,
いま,楽しい,,,,
北朝鮮,驚き,,,,
待って,怒り,信頼感,,,
立つ,怒り,,,,
誕生,驚き,,,,
スポーツ,楽しい,,,,
センター,信頼感,,,,
県,驚き,楽しい,,,
当たった,驚き,,,,
始めて,不安,,,,
騒いで,嫌悪感,,,,
出かけた,楽しい,,,,
思い浮かび,嫌悪感,,,,
安心,信頼感,,,,
いった,楽しい,,,,
新婚,楽しい,,,,
ピアノ,楽しい,,,,
出張,不安,怒り,驚き,楽しい,
抱く,嫌悪感,,,,
トランプ,驚き,,,,
政府,怒り,,,,
野菜,驚き,,,,
エレベーター,嫌悪感,,,,
出掛けた,楽しい,,,,
古い,楽しい,,,,
あまりに,怒り,,,,
激しい,嫌悪感,,,,
自衛,信頼感,,,,
目標,信頼感,,,,
達成,信頼感,,,,
新潟,嫌悪感,,,,
辞任,嫌悪感,,,,
噴火,驚き,,,,
ほど,嫌悪感,驚き,,,
解決,信頼感,,,,
当たり,驚き,楽しい,,,
雇用,怒り,,,,
くれた,信頼感,,,,
言え,信頼感,,,,
公共,嫌悪感,,,,
ゆっくり,楽しい,,,,
自己,嫌悪感,,,,
話せる,信頼感,,,,
稼いで,不安,,,,
長,怒り,信頼感,驚き,,
姑,怒り,,,,
ラジオ,楽しい,,,,
持った,信頼感,,,,
辞め,不安,,,,
異性,嫌悪感,,,,
趣味,楽しい,,,,
メーカー,信頼感,,,,
覚えた,怒り,,,,
信じ,信頼感,,,,
抱き,嫌悪感,,,,
思いやり,信頼感,,,,
要求,怒り,,,,
感覚,怒り,楽しい,,,
５,驚き,,,,
レストラン,怒り,,,,
サイト,楽しい,,,,
気温,驚き,,,,
上がって,驚き,,,,
観戦,楽しい,,,,
性格,嫌悪感,,,,
法案,怒り,,,,
片付け,怒り,,,,
抱いて,嫌悪感,,,,
依頼,信頼感,,,,
管理,嫌悪感,,,,
我が家,怒り,信頼感,,,
ゴキブリ,嫌悪感,,,,
当たる,驚き,,,,
合った,信頼感,,,,
反省,怒り,嫌悪感,信頼感,,
茶,怒り,嫌悪感,楽しい,,
飲んだ,楽しい,,,,
怒って,怒り,,,,
平気で,嫌悪感,,,,
老人,嫌悪感,,,,
安倍,信頼感,,,,
事務,怒り,驚き,,,
任せ,信頼感,,,,
マナー,怒り,,,,
中心,怒り,,,,
マスコミ,嫌悪感,,,,
沖縄,楽しい,,,,
韓国,嫌悪感,,,,
腹,怒り,,,,
吸う,嫌悪感,,,,
やつ,嫌悪感,,,,
階,怒り,,,,
住人,怒り,,,,
騒音,怒り,,,,
飲食,嫌悪感,,,,
休日,楽しい,,,,
話した,信頼感,楽しい,,,
省,嫌悪感,,,,
バカに,怒り,,,,
いい加減な,怒り,,,,
つく,嫌悪感,,,,
中傷,怒り,嫌悪感,,,
ふり,嫌悪感,,,,
手伝って,信頼感,,,,
嫌い,嫌悪感,,,,
割り,怒り,,,,
無,怒り,,,,
接客,嫌悪感,,,,
通り,怒り,,,,
バカ,怒り,,,,
野党,嫌悪感,,,,
計画,楽しい,,,,
美味しい,楽しい,,,,
煙草,嫌悪感,,,,
無理な,怒り,,,,
業者,怒り,,,,
改善,怒り,,,,
フォロー,信頼感,,,,
喫煙,嫌悪感,,,,
協力,信頼感,,,,
なんでも,信頼感,,,,
ルール,嫌悪感,,,,
者,怒り,,,,
後ろ,怒り,,,,
懸賞,驚き,,,,
年下,驚き,,,,
押し付け,怒り,,,,
犯罪,嫌悪感,,,,
お互い,信頼感,,,,
理不尽,怒り,,,,
立った,怒り,,,,
居る,楽しい,,,,
議員,怒り,,,,
教えて,信頼感,,,,
コンサート,楽しい,,,,
ぶつかり,怒り,,,,
寝る,楽しい,,,,
工事,怒り,,,,
聞く,嫌悪感,,,,
歩き,嫌悪感,,,,
タバコ,嫌悪感,,,,
食べた,楽しい,,,,
不祥事,怒り,,,,
当たって,驚き,,,,
歩道,怒り,,,,
新車,楽しい,,,,
コメント,嫌悪感,,,,
ビール,楽しい,,,,
何故,怒り,,,,
上がった,驚き,,,,
楽し,楽しい,,,,
痴漢,嫌悪感,,,,
信用,信頼感,,,,
教師,嫌悪感,,,,
祝い,楽しい,,,,
自慢,嫌悪感,,,,
医,信頼感,,,,
友情,信頼感,,,,
汗,嫌悪感,,,,
何気ない,楽しい,,,,
姿勢,嫌悪感,,,,
くれる,信頼感,,,,
変わら,信頼感,,,,
座って,嫌悪感,,,,
出す,怒り,,,,
姉妹,信頼感,,,,
財務,嫌悪感,,,,
次官,嫌悪感,,,,
空気,嫌悪感,,,,
カフェ,楽しい,,,,
違い,驚き,,,,
守る,信頼感,,,,
森,怒り,,,,
見かけた,嫌悪感,,,,
士,信頼感,,,,
早い,驚き,,,,
観光,楽しい,,,,
アドバイス,信頼感,,,,
偶然,驚き,,,,
あたった,驚き,,,,
やっぱり,信頼感,,,,
看護,信頼感,,,,
師,信頼感,,,,
価値,驚き,,,,
もって,信頼感,,,,
ボランティア,信頼感,,,,
タイヤ,信頼感,,,,
におい,嫌悪感,,,,
外食,楽しい,,,,
サポート,信頼感,,,,
出会った,信頼感,,,,
嫌悪,嫌悪感,,,,
抱いた,嫌悪感,,,,
匂い,嫌悪感,,,,
座った,嫌悪感,,,,
臭,嫌悪感,,,,
助け,信頼感,,,,
必ず,信頼感,,,,
ゴーン,驚き,,,,
見せて,信頼感,驚き,,,
優勝,驚き,,,,
驚く,驚き,,,,
再会,驚き,,,,
驚いた,驚き,,,,
勝った,楽しい,,,,
温泉,楽しい,,,,
プール,楽しい,,,,
おしゃべり,楽しい,,,,
美味しかった,信頼感,驚き,,,
親身に,信頼感,,,,
チームワーク,信頼感,,,,
頼り,信頼感,,,,
任せて,信頼感,,,,
愛情,信頼感,,,,
支えて,信頼感,,,,
翔,驚き,,,,
励まして,信頼感,,,,
味方,信頼感,,,,
困った,信頼感,,,,
おいしい,楽しい,,,,
嬉しい,信頼感,,,,
絆,信頼感,,,,
団らん,楽しい,,,,
演奏,楽しい,,,,
祭,楽しい,,,,
ドライブ,楽しい,,,,
会えた,楽しい,,,,
スキー,楽しい,,,,
平,驚き,,,,
活躍,驚き,,,,
団欒,楽しい,,,,
意外,驚き,,,,
意外な,驚き,,,,
驚き,驚き,,,,
決勝,驚き,,,,
紀,驚き,,,,
驚か,驚き,,,,
驚いて,驚き,,,,
面白い,楽しい,,,,
鑑賞,楽しい,,,,
遊園地,楽しい,,,,
ハワイ,楽しい,,,,
遊んだ,楽しい,,,,
笑い,楽しい,,,,
サイクリング,楽しい,,,,
没頭,楽しい,,,,
ディズニーランド,楽しい,,,,
キャンプ,楽しい,,,,
カラオケ,楽しい,,,,
